cluster,c_mean,s_mean,r_mean,c_aggr,s_aggr,k_e,tau_c
0.0,0.7754479118671634,0.7059644558058138,5.269623515057365,0.7484839745020847,0.7031798325349076,6.4366746320412955e-12,57.961945901081975
1.0,0.5725005385406069,0.5556986296827252,0.977702016505847,0.5163127343219728,0.4948095950501253,7.18981854128502e-12,53.62717464142492
2.0,1.1338800924671488,1.0827923005760989,1.5848354684958927,1.220896555606902,1.15638343996823,5.730783429412027e-10,32.6455004969564
3.0,1.2234779799383149,0.9591757778604126,5.096380284131442,1.1967348675095506,0.9885482986479909,8.132095249470955e-13,71.93497842608636
